{"cameraMode":{"drawMode":0,"name":"Shaded","section":"Shading Mode"},"sceneLighting":true,"audioPlay":false,"sceneViewState":{"m_AlwaysRefresh":false,"showFog":true,"showSkybox":true,"showFlares":true,"showImageEffects":true,"showParticleSystems":true,"showVisualEffectGraphs":true,"m_FxEnabled":true},"in2DMode":false,"pivot":{"x":23.884716033935548,"y":92.8724136352539,"z":-49.36359786987305},"rotation":{"x":0.5576187968254089,"y":-0.07545099407434464,"z":0.050990235060453418,"w":0.8251084089279175},"size":10.487337112426758,"orthographic":false}