{"cameraMode":{"drawMode":0,"name":"Shaded","section":"Shading Mode"},"sceneLighting":false,"audioPlay":false,"sceneViewState":{"m_AlwaysRefresh":false,"showFog":true,"showSkybox":false,"showFlares":true,"showImageEffects":true,"showParticleSystems":true,"showVisualEffectGraphs":true,"m_FxEnabled":true},"in2DMode":false,"pivot":{"x":0.7620023488998413,"y":0.1927075833082199,"z":-0.6711902618408203},"rotation":{"x":-0.21259231865406037,"y":-0.7039033770561218,"z":0.23546037077903748,"w":-0.6355257630348206},"size":3.1721444129943849,"orthographic":false}