{"cameraMode":{"drawMode":0,"name":"Shaded","section":"Shading Mode"},"sceneLighting":false,"audioPlay":false,"sceneViewState":{"m_AlwaysRefresh":false,"showFog":true,"showSkybox":false,"showFlares":true,"showImageEffects":true,"showParticleSystems":true,"showVisualEffectGraphs":true,"m_FxEnabled":true},"in2DMode":false,"pivot":{"x":-2.0614821910858156,"y":0.996586263179779,"z":-9.610103607177735},"rotation":{"x":0.6274548768997192,"y":-0.007934299297630787,"z":0.0063934591598808769,"w":0.7786087393760681},"size":3.1721444129943849,"orthographic":false}